INSERT INTO Guests (guest_fname, guest_lname, guest_ssn, guest_email, guest_phone) VALUES
('Ali','Hassan','12345678901234','ali@example.com','01000000001'),
('Sara','Mohamed','23456789012345','sara@example.com','01000000002'),
('Omar','Ahmed','34567890123456','omar@example.com','01000000003'),
('Laila','Sami','45678901234567','laila@example.com','01000000004'),
('Hany','Khaled','56789012345678','hany@example.com','01000000005'),
('Mona','Adel','67890123456789','mona@example.com','01000000006'),
('Tamer','Youssef','78901234567890','tamer@example.com','01000000007'),
('Nour','Salah','89012345678901','nour@example.com','01000000008'),
('Khaled','Fathy','90123456789012','khaled@example.com','01000000009'),
('Dina','Mahmoud','01234567890123','dina@example.com','01000000010'),
('Ramy','Osman','11234567890123','ramy@example.com','01000000011'),
('Farah','Hany','21234567890123','farah@example.com','01000000012'),
('Maged','Ali','31234567890123','maged@example.com','01000000013'),
('Yara','Saeed','41234567890123','yara@example.com','01000000014'),
('Adham','Ibrahim','51234567890123','adham@example.com','01000000015'),
('Heba','Tamer','61234567890123','heba@example.com','01000000016'),
('Mostafa','Karim','71234567890123','mostafa@example.com','01000000017'),
('Rania','Mohsen','81234567890123','rania@example.com','01000000018'),
('Othman','Fouad','91234567890123','othman@example.com','01000000019'),
('Sara','Yassin','02234567890123','sara.y@example.com','01000000020'),
('Hassan','Khalifa','13234567890123','hassan.k@example.com','01000000021'),
('Lina','Adel','24234567890123','lina@example.com','01000000022'),
('Amr','Sherif','35234567890123','amr.s@example.com','01000000023'),
('Nadia','Hany','46234567890123','nadia.h@example.com','01000000024'),
('Ayman','Omar','57234567890123','ayman.o@example.com','01000000025'),
('Ramy','Adel','68234567890123','ramy.a@example.com','01000000026'),
('Mariam','Fouad','79234567890123','mariam.f@example.com','01000000027'),
('Omar','Karim','80234567890123','omar.k@example.com','01000000028'),
('Hala','Youssef','91234567890183','hala.y@example.com','01000000029'),
('Tamer','Mahmoud','10234567890123','tamer.m@example.com','01000000030');

INSERT INTO Room_type (room_type_id, type_price, capacity, room_type) VALUES
(1, 500.000, 1, 'single'),
(2, 800.000, 2, 'single'),
(3, 1500.000, 4, 'suite'),
(4, 550.000, 1, 'single'),
(5, 850.000, 2, 'single'),
(6, 1600.000, 4, 'suite'),
(7, 600.000, 1, 'single'),
(8, 900.000, 2, 'double'),
(9, 1700.000, 4, 'suite'),
(10, 650.000, 1, 'single'),
(11, 950.000, 2, 'single'),
(12, 1800.000, 4, 'suite'),
(13, 700.000, 1, 'suite'),
(14, 1000.000, 2, 'suite'),
(15, 1900.000, 4, 'suite'),
(16, 750.000, 1, 'suite'),
(17, 1050.000, 2, 'double'),
(18, 2000.000, 4, 'suite'),
(19, 800.000, 1, 'double'),
(20, 1100.000, 2, 'double'),
(21, 2100.000, 4, 'suite'),
(22, 850.000, 1, 'double'),
(23, 1150.000, 2, 'double'),
(24, 2200.000, 4, 'suite'),
(25, 900.000, 1, 'double'),
(26, 1200.000, 2, 'double'),
(27, 2300.000, 4, 'suite'),
(28, 950.000, 1, 'double'),
(29, 1250.000, 2, 'double'),
(30, 2400.000, 4, 'double');

INSERT INTO Rooms (room_id, room_type_id, room_floor, room_status) VALUES
(1,1,1,'available'),
(2,2,1,'not available'),
(3,3,2,'available'),
(4,4,2,'available'),
(5,5,3,'not available'),
(6,6,3,'available'),
(7,7,1,'available'),
(8,8,2,'not available'),
(9,9,3,'available'),
(10,10,1,'available'),
(11,11,2,'not available'),
(12,12,3,'available'),
(13,13,1,'available'),
(14,14,2,'not available'),
(15,15,3,'available'),
(16,16,1,'available'),
(17,17,2,'not available'),
(18,18,3,'available'),
(19,19,1,'available'),
(20,20,2,'not available'),
(21,21,3,'available'),
(22,22,1,'available'),
(23,23,2,'not available'),
(24,24,3,'available'),
(25,25,1,'available'),
(26,26,2,'not available'),
(27,27,3,'available'),
(28,28,1,'available'),
(29,29,2,'not available'),
(30,30,3,'available');

INSERT INTO Employees (manager_id, employee_fname, employee_lname, employee_ssn, employee_role, employee_phone) VALUES

(NULL,'Hassan','Ali','10000000000001','Manager','01010000001'),

(NULL,'Mona','Sami','10000000000031','Manager','01010000031'),

(1,'Mohamed','Omar','10000000000002','Receptionist','01010000002'),

(1,'Sara','Ahmed','10000000000003','Receptionist','01010000003'),

(1,'Tamer','Khaled','10000000000004','Housekeeping','01010000004'),

(2,'Hany','Youssef','10000000000005','Receptionist','01010000005'),

(2,'Dina','Mahmoud','10000000000006','Chef','01010000006'),

(1,'Ramy','Osman','10000000000007','Maintenance','01010000007'),

(2,'Farah','Hany','10000000000008','Receptionist','01010000008'),

(1,'Maged','Ali','10000000000009','Receptionist','01010000009'),

(1,'Yara','Saeed','10000000000010','Concierge','01010000010'),

(1,'Adham','Ibrahim','10000000000011','Receptionist','01010000011'),

(2,'Heba','Tamer','10000000000012','Receptionist','01010000012'),

(1,'Mostafa','Karim','10000000000013','Receptionist','01010000013'),

(1,'Rania','Mohsen','10000000000014','Receptionist','01010000014'),

(1,'Othman','Fouad','10000000000015','Receptionist','01010000015'),

(2,'Nour','Salah','10000000000016','Security','01010000016'),

(2,'Khaled','Fathy','10000000000017','Receptionist','01010000017'),

(2,'Lina','Adel','10000000000018','Receptionist','01010000018'),

(1,'Amr','Sherif','10000000000019','Receptionist','01010000019'),

(1,'Nadia','Hany','10000000000020','Receptionist','01010000020'),

(1,'Ayman','Omar','10000000000021','Receptionist','01010000021'),

(1,'Ramy','Adel','10000000000022','Receptionist','01010000022'),

(1,'Mariam','Fouad','10000000000023','Receptionist','01010000023'),

(1,'Omar','Karim','10000000000024','Receptionist','01010000024'),

(1,'Hala','Youssef','10000000000025','Housekeeping','01010000025'),

(1,'Tamer','Mahmoud','10000000000026','Receptionist','01010000026'),

(1,'Sara','Yassin','10000000000027','Receptionist','01010000027'),

(1,'Hassan','Khalifa','10000000000028','Receptionist','01010000028'),

(1,'Laila','Sami','10000000000029','Concierge','01010000029'),

(2,'Mostafa','Nabil','10000000000030','Receptionist','01010000030');
INSERT INTO hotel_Service (service_id, name_service, price) VALUES
(1,'Breakfast',50.00),
(2,'Lunch',100.00),
(3,'Dinner',120.00),
(4,'Spa',300.00),
(5,'Laundry',40.00),
(6,'Airport Pickup',200.00),
(7,'Gym',70.00),
(8,'Massage',250.00),
(9,'Tour Guide',150.00),
(10,'WiFi Premium',30.00),
(11,'Parking',20.00),
(12,'Mini Bar',60.00),
(13,'Room Cleaning',50.00),
(14,'Laundry Express',60.00),
(15,'Breakfast Deluxe',80.00),
(16,'Dinner Deluxe',150.00),
(17,'VIP Spa',500.00),
(18,'Sauna',200.00),
(19,'Swimming Pool',100.00),
(20,'Yoga Session',80.00),
(21,'Car Rental',300.00),
(22,'Conference Room',500.00),
(23,'Business Center',150.00),
(24,'Pet Service',100.00),
(25,'Shuttle Service',150.00),
(26,'BBQ Dinner',120.00),
(27,'Wine Tasting',200.00),
(28,'Cinema Night',100.00),
(29,'Live Music',150.00),
(30,'Kids Club',80.00);

INSERT INTO Booking (guest_id, room_id, employee_id, check_IN_date, check_OUT_date, Price, booking_date, room_state) VALUES
(1, 1, 2, '2025-12-01', '2025-12-05', 2000.000, '2025-11-25', 'checked in'),
(2, 2, 3, '2025-12-02', '2025-12-06', 3200.000, '2025-11-26', 'checked in'),
(3, 3, 4, '2025-12-03', '2025-12-07', 4500.000, '2025-11-27', 'checked in'),
(4, 4, 5, '2025-12-04', '2025-12-08', 2200.000, '2025-11-28', 'available'),
(5, 5, 6, '2025-12-05', '2025-12-09', 3400.000, '2025-11-29', 'available'),
(6, 6, 7, '2025-12-06', '2025-12-10', 4800.000, '2025-11-30', 'checked in'),
(7, 7, 8, '2025-12-07', '2025-12-11', 2300.000, '2025-12-01', 'available'),
(8, 8, 9, '2025-12-08', '2025-12-12', 3600.000, '2025-12-02', 'checked in'),
(9, 9, 10, '2025-12-09', '2025-12-13', 5100.000, '2025-12-03', 'available'),
(10, 10, 11, '2025-12-10', '2025-12-14', 2600.000, '2025-12-04', 'checked in'),
(11, 11, 12, '2025-12-11', '2025-12-15', 3800.000, '2025-12-05', 'available'),
(12, 12, 13, '2025-12-12', '2025-12-16', 5400.000, '2025-12-06', 'checked in'),
(13, 13, 14, '2025-12-13', '2025-12-17', 2700.000, '2025-12-07', 'available'),
(14, 14, 15, '2025-12-14', '2025-12-18', 3900.000, '2025-12-08', 'checked in'),
(15, 15, 16, '2025-12-15', '2025-12-19', 5700.000, '2025-12-09', 'available'),
(16, 16, 17, '2025-12-16', '2025-12-20', 2800.000, '2025-12-10', 'checked in'),
(17, 17, 18, '2025-12-17', '2025-12-21', 4000.000, '2025-12-11', 'available'),
(18, 18, 19, '2025-12-18', '2025-12-22', 6000.000, '2025-12-12', 'checked in'),
(19, 19, 20, '2025-12-19', '2025-12-23', 2900.000, '2025-12-13', 'available'),
(20, 20, 21, '2025-12-20', '2025-12-24', 4200.000, '2025-12-14', 'checked in'),
(21, 21, 22, '2025-12-21', '2025-12-25', 6300.000, '2025-12-15', 'available'),
(22, 22, 23, '2025-12-22', '2025-12-26', 3000.000, '2025-12-16', 'checked in'),
(23, 23, 24, '2025-12-23', '2025-12-27', 4400.000, '2025-12-17', 'available'),
(24, 24, 25, '2025-12-24', '2025-12-28', 6600.000, '2025-12-18', 'checked in'),
(25, 25, 26, '2025-12-25', '2025-12-29', 3100.000, '2025-12-19', 'available'),
(26, 26, 27, '2025-12-26', '2025-12-30', 4600.000, '2025-12-20', 'checked in'),
(27, 27, 28, '2025-12-27', '2025-12-31', 6900.000, '2025-12-21', 'available'),
(28, 28, 29, '2025-12-28', '2026-01-01', 3200.000, '2025-12-22', 'checked in'),
(29, 29, 30, '2025-12-29', '2026-01-02', 4800.000, '2025-12-23', 'available'),
(30, 30, 2, '2025-12-30', '2026-01-03', 7200.000, '2025-12-24', 'checked in');

INSERT INTO Booking_service (booking_id, service_id, quantity) VALUES
(2,1,2),(2,4,1),
(3,2,3),(3,5,1),
(4,3,2),(4,6,1),
(5,1,1),(5,7,1),
(6,2,2),(6,8,1),
(7,3,1),(7,9,1),
(8,1,1),(8,10,1),
(9,2,2),(9,11,1),
(10,3,1),(10,12,1),
(11,1,1),(11,13,1),
(12,2,2),(12,14,1),
(13,3,1),(13,15,1),
(14,1,2),(14,16,1),
(15,2,1),(15,17,1),
(16,3,1),(16,18,1),
(17,1,2),(17,19,1),
(18,2,1),(18,20,1),
(19,3,1),(19,21,1),
(20,1,1),(20,22,1),
(21,2,2),(21,23,1),
(22,3,1),(22,24,1),
(23,1,1),(23,25,1),
(24,2,2),(24,26,1),
(25,3,1),(25,27,1),
(26,1,1),(26,28,1),
(27,2,2),(27,29,1),
(28,3,1),(28,30,1),
(29,1,1),(29,4,1),
(30,2,2),(30,5,1);


INSERT INTO Payment (payment_id, booking_id, payment_type, amount, Payment_date) VALUES
(1,2,'Cash',2100.000,'2025-05-01'),
(2,3,'Card',3300.000,'2025-03-02'),
(3,4,'Cash',4700.000,'2025-11-03'),
(4,5,'Card',2300.000,'2025-02-04'),
(5,6,'Cash',3500.000,'2025-11-05'),
(6,7,'Card',4900.000,'2025-02-06'),
(7,8,'Cash',2400.000,'2025-11-07'),
(8,9,'Card',3700.000,'2025-01-08'),
(9,10,'Cash',5200.000,'2025-10-09'),
(10,11,'Card',2700.000,'2025-01-10'),
(11,12,'Cash',3900.000,'2025-10-11'),
(12,13,'Card',5500.000,'2025-12-12'),
(13,14,'Cash',2800.000,'2025-07-13'),
(14,15,'Card',4000.000,'2025-06-14'),
(15,16,'Cash',5800.000,'2025-08-15'),
(16,17,'Card',2900.000,'2025-04-16'),
(17,18,'Cash',4100.000,'2025-09-17'),
(18,19,'Card',6100.000,'2025-06-18'),
(19,20,'Cash',3000.000,'2025-05-19'),
(20,21,'Card',4300.000,'2025-06-20'),
(21,22,'Cash',6400.000,'2025-09-21'),
(22,23,'Card',3100.000,'2025-02-22'),
(23,24,'Cash',4500.000,'2025-04-23'),
(24,25,'Card',6700.000,'2025-08-24'),
(25,26,'Cash',3200.000,'2025-03-25'),
(26,27,'Card',4700.000,'2025-03-26'),
(27,28,'Cash',7000.000,'2025-12-27'),
(28,29,'Card',3300.000,'2025-01-28'),
(29,30,'Cash',4900.000,'2025-02-28'),
(30,1,'Card',7300.000,'2025-10-30');